<manifest identifier="ItCM_scorm" version="1"
    xmlns="http://www.imsglobal.org/xsd/imscp_v1p1"
    xmlns:xsi="http://www.w3.org/2001/XMLSchema-instance"
    xmlns:adlcp="http://www.adlnet.org/xsd/adlcp_v1p3"
    xmlns:adlseq="http://www.adlnet.org/xsd/adlseq_v1p3"
    xmlns:adlnav="http://www.adlnet.org/xsd/adlnav_v1p3"
    xmlns:imsss="http://www.imsglobal.org/xsd/imsss"
    xmlns:lom="http://ltsc.ieee.org/xsd/LOM"
    xsi:schemaLocation="http://www.imsglobal.org/xsd/imscp_v1p1 imscp_v1p1.xsd
                        http://www.adlnet.org/xsd/adlcp_v1p3 adlcp_v1p3.xsd
                        http://www.adlnet.org/xsd/adlseq_v1p3 adlseq_v1p3.xsd
                        http://www.adlnet.org/xsd/adlnav_v1p3 adlnav_v1p3.xsd
                        http://www.imsglobal.org/xsd/imsss imsss_v1p0.xsd
                        http://ltsc.ieee.org/xsd/LOM lom.xsd">
    <metadata>
        <schema>ADL SCORM</schema>
        <schemaversion>2004 3rd Edition</schemaversion>
        <adlcp:location>L210E-METADATA.xml</adlcp:location>
    </metadata>
    <organizations default="ItCM">
        <organization identifier="ItCM" adlseq:objectivesGlobalToSystem="false">
            <title>Introduction to Cost Management</title>
            <item identifier="L210EItCM" identifierref="ItCM_SCO" isvisible="true">
                <title>L210E: Introduction to Cost Management</title>
                <imsss:sequencing>
                    <imsss:objectives>
                            <imsss:primaryObjective satisfiedByMeasure="true" objectiveID="ItCM_EXAM">
                                <imsss:minNormalizedMeasure>0.8</imsss:minNormalizedMeasure>
                            </imsss:primaryObjective>
                    </imsss:objectives>
                </imsss:sequencing>
            </item>
            <imsss:sequencing>
                <imsss:rollupRules>
                    <imsss:rollupRule childActivitySet="all">
                        <imsss:rollupConditions conditionCombination="all">
                            <imsss:rollupCondition condition="satisfied"/>
                        </imsss:rollupConditions>
                        <imsss:rollupAction action="completed"/>
                    </imsss:rollupRule>
                    <imsss:rollupRule childActivitySet="all">
                        <imsss:rollupConditions conditionCombination="all">
                            <imsss:rollupCondition condition="satisfied"/>
                        </imsss:rollupConditions>
                        <imsss:rollupAction action="satisfied"/>
                    </imsss:rollupRule>
                    <imsss:rollupRule childActivitySet="any">
                        <imsss:rollupConditions conditionCombination="any">
                            <imsss:rollupCondition operator="not" condition="satisfied"/>
                        </imsss:rollupConditions>
                        <imsss:rollupAction action="incomplete"/>
                    </imsss:rollupRule>
                </imsss:rollupRules>
            </imsss:sequencing>
        </organization>
    </organizations>
    <resources>
        <resource identifier="ItCM_SCO" type="webcontent" adlcp:scormType="sco" href="index.html">
		<file href="assets/APIWrapper.js"/>
		<file href="assets/assessment.js"/>
		<file href="assets/main.js"/>
		<file href="assets/scormJS.js"/>
		<file href="assets/stylesheet.css"/>
        <file href="index.html"/>
        </resource>
    </resources>
    </manifest>