<?xml version="1.0"?>
    <lom xmlns="http://ltsc.ieee.org/xsd/LOM" xmlns:xsi="http://www.w3.org/2001/XMLSchema-instance" xsi:schemaLocation="http://ltsc.ieee.org/xsd/LOM lomStrict.xsd">
    <general>
        <identifier>
            <catalog>ATIA</catalog>
            <entry>TBD</entry>
        </identifier>
        <title>
            <string>Introduction to Cost Management</string>
        </title>
        <language>en</language>
        <description>
            <string>Basic sample description</string>
        </description>
        
	<keyword><string>keyword1</string></keyword>
	<keyword><string>keyword2</string></keyword>
	<keyword><string>keyword3</string></keyword>
        <aggregationLevel>
            <source>LOMv1.0</source>
            <value>2</value>
        </aggregationLevel>
    </general>
    <lifeCycle>
        <version>
            <string>1</string>
        </version>
        <status>
            <source>LOMv1.0</source>
            <value>final</value>
        </status>
        <contribute>
            <role>
                <source>LOMv1.0</source>
            <value>publisher</value>
            </role>
            <entity>
                BEGIN:VCARD
			VERSION:2.1
			N:U.S. Army Infantry SchoolORG:U.S. Army;Army Infantry School;Fort Benning
			NOTE:071 ADR;DOM;
			WORK:Suite 650;6751 Constitution Loop;Fort Benning;GA;31905- 4502;U.S.
			EMAIL;INTERNET:soldierinfo@benning.army.mil
			END:VCARD
            </entity>
            <date>
                <dateTime>2022-09-20</dateTime>
            </date>
        </contribute>
    </lifeCycle>
    <metaMetadata>
        <identifier>
            <catalog>TBD</catalog>
            <entry>TBD</entry>
        </identifier>
        <metadataSchema>LOMv1.0</metadataSchema>
        <metadataSchema>SCORM_CAM_v1.3</metadataSchema>
        <metadataSchema>ADLv1.0</metadataSchema>
        <language>en</language>
    </metaMetadata>
    <technical>
	<format>text/html</format>
	<format>text/js</format>
    </technical>
    <rights>
        <cost>
            <source>LOMv1.0</source>
            <value>no</value>
        </cost>
        <copyrightAndOtherRestrictions>
            <source>LOMv1.0</source>
            <value>no</value>
        </copyrightAndOtherRestrictions>
    </rights>
    <classification>
        <purpose>
            <source>LOMv1.0</source>
            <value>discipline</value>
        </purpose>
        <description>
            <string>Classification Description</string>
        </description>
        <keyword>
            <string>Keyword</string>
        </keyword>
    </classification>
    <classification>
        <purpose>
            <source>LOMv1.0</source>
            <value>discipline</value>
        </purpose>
        <description>
            <string>Classification Description</string>
        </description>
        <keyword>
            <string>Keyword</string>
        </keyword>
    </classification>
    <classification>
        <purpose>
            <source>LOMv1.0</source>
            <value>discipline</value>
        </purpose>
        <description>
            <string>Classification Description</string>
        </description>
        <keyword>
            <string>Keyword</string>
        </keyword>
    </classification>
    <classification>
        <purpose>
            <source>LOMv1.0</source>
            <value>educational objective</value>
        </purpose>
        <description>
            <string>Classification Description</string>
        </description>
        <keyword>
            <string>Keyword</string>
        </keyword>
    </classification>
    <classification>
        <purpose>
            <source>LOMv1.0</source>
            <value>educational objective</value>
        </purpose>
        <description>
            <string>Classification Description</string>
        </description>
        <keyword>
            <string>Keyword</string>
        </keyword>
    </classification>
    <classification>
        <purpose>
            <source>LOMv1.0</source>
            <value>accessibility restrictions</value>
        </purpose>
        <description>
            <string>508 Compliant</string>
        </description>
        <keyword>
            <string>508</string>
        </keyword>
    </classification>
    <classification>
        <purpose>
            <source>LOMv1.0</source>
            <value>security level</value>
        </purpose>
        <description>
            <string>XXX</string>
        </description>
        <keyword>
            <string>XXX</string>
        </keyword>
    </classification>
    <classification>
        <purpose>
            <source>LOMv1.0</source>
            <value>collection</value>
        </purpose>
        <description>
            <string>Classification Description</string>
        </description>
        <keyword>
            <string>Keyword</string>
        </keyword>
    </classification>
    
    </lom>
    